cohort_key,cohort_label,cohort,window,endpoint_family,endpoint_label,experiment,model,n_rows,n_subjects,n_pos,n_neg,n_features_used,numeric_features_used,categorical_features_used,roc_auc_mean,roc_auc_std,ap_mean,ap_std,bal_acc_mean,bal_acc_std,f1_mean,f1_std
adni_tau180,ADNI tau180,ADNI,180d,tau_binary,tau positivity,severity_only,logreg_balanced,547,547,84,463,2,cdr_sumboxes_h|faq_total_h,,0.854534657481506,0.04510769774720489,0.5243231903050902,0.09177410378828202,0.786702314165498,0.03761562803196123,0.5583877642825011,0.0374689935966037
adni_tau180,ADNI tau180,ADNI,180d,tau_binary,tau positivity,severity_only,extra_trees_balanced,547,547,84,463,2,cdr_sumboxes_h|faq_total_h,,0.8516744355526221,0.05030894824631187,0.5091362836415205,0.07725919632546482,0.7846853257432005,0.04537338168359512,0.5112937524924206,0.047092355200353514
adni_tau180,ADNI tau180,ADNI,180d,tau_binary,tau positivity,severity_only,random_forest_balanced,547,547,84,463,2,cdr_sumboxes_h|faq_total_h,,0.8451128207243626,0.05112159709264903,0.47268592822509853,0.10823206552780003,0.7922472705772352,0.05663984841307082,0.5233182097222053,0.053496089402013884
