cohort_key,cohort_label,cohort,window,endpoint_family,endpoint_label,experiment,model,n_rows,n_subjects,n_pos,n_neg,n_features_used,numeric_features_used,categorical_features_used,roc_auc_mean,roc_auc_std,ap_mean,ap_std,bal_acc_mean,bal_acc_std,f1_mean,f1_std
oasis3_tau90,OASIS3 tau90,OASIS3,90d,tau_binary,tau positivity (derived),demo_only,logreg_balanced,142,142,12,130,5,age_h|apoe_e4_carrier_h|apoe_e4_count_h|education_years_h,sex_h,0.7307692307692307,0.06371678789635475,0.4507411067193677,0.1725338007800868,0.6448717948717949,0.0372898450570487,0.2715032679738562,0.06507828400668353
oasis3_tau90,OASIS3 tau90,OASIS3,90d,tau_binary,tau positivity (derived),minus_all_cdr,logreg_balanced,142,142,12,130,6,age_h|apoe_e4_carrier_h|apoe_e4_count_h|education_years_h|faq_total_h,sex_h,0.8461538461538461,0.04514568426066411,0.4863095238095238,0.2043552162822586,0.767948717948718,0.10073692964391384,0.3616161616161616,0.06025487477109414
oasis3_tau90,OASIS3 tau90,OASIS3,90d,tau_binary,tau positivity (derived),minus_faq,logreg_balanced,142,142,12,130,6,age_h|apoe_e4_carrier_h|apoe_e4_count_h|education_years_h|cdr_sumboxes_h,sex_h,0.9256410256410256,0.06143153102928689,0.7609523809523809,0.13423673541094053,0.8794871794871796,0.09389658165949007,0.5774603174603173,0.12107022547304824
oasis3_tau90,OASIS3 tau90,OASIS3,90d,tau_binary,tau positivity (derived),reference_combined,logreg_balanced,142,142,12,130,7,age_h|apoe_e4_carrier_h|apoe_e4_count_h|education_years_h|cdr_sumboxes_h|faq_total_h,sex_h,0.9358974358974359,0.06319875663521152,0.8285714285714285,0.09571310115353228,0.8871794871794872,0.09187934803676374,0.6076190476190476,0.11399168525989088
oasis3_tau90,OASIS3 tau90,OASIS3,90d,tau_binary,tau positivity (derived),severity_only,logreg_balanced,142,142,12,130,2,cdr_sumboxes_h|faq_total_h,,0.8532051282051283,0.08053486551045849,0.6783562138344748,0.17128815251741394,0.8217948717948719,0.08821034570138242,0.6866666666666668,0.1107549848389077
