cohort_key,cohort_label,cohort,window,endpoint_family,endpoint_label,experiment,model,n_rows,n_subjects,n_pos,n_neg,n_features_used,numeric_features_used,categorical_features_used,roc_auc_mean,roc_auc_std,ap_mean,ap_std,bal_acc_mean,bal_acc_std,f1_mean,f1_std
oasis3_tau180,OASIS3 tau180,OASIS3,180d,tau_binary,tau positivity (derived),demo_only,logreg_balanced,368,368,45,323,5,age_h|apoe_e4_carrier_h|apoe_e4_count_h|education_years_h,sex_h,0.792809829059829,0.0591194718447458,0.44510320501835166,0.125381658072323,0.7247275641025641,0.05983942587529744,0.41846759547055734,0.06960536620770935
oasis3_tau180,OASIS3 tau180,OASIS3,180d,tau_binary,tau positivity (derived),minus_all_cdr,logreg_balanced,368,368,45,323,6,age_h|apoe_e4_carrier_h|apoe_e4_count_h|education_years_h|faq_total_h,sex_h,0.864241452991453,0.03699031473871613,0.5186421988363517,0.10902439759912837,0.7769364316239317,0.05313821205809321,0.47682676224611703,0.0671147548809007
oasis3_tau180,OASIS3 tau180,OASIS3,180d,tau_binary,tau positivity (derived),minus_faq,logreg_balanced,368,368,45,323,6,age_h|apoe_e4_carrier_h|apoe_e4_count_h|education_years_h|cdr_sumboxes_h,sex_h,0.9324786324786324,0.02708277490615985,0.6990137361112779,0.06052613967390269,0.8428899572649573,0.06557912227947701,0.5885942760942761,0.0785577248623057
oasis3_tau180,OASIS3 tau180,OASIS3,180d,tau_binary,tau positivity (derived),reference_combined,logreg_balanced,368,368,45,323,7,age_h|apoe_e4_carrier_h|apoe_e4_count_h|education_years_h|cdr_sumboxes_h|faq_total_h,sex_h,0.9328151709401709,0.027710839382683105,0.7030706827031217,0.0634528511434911,0.8398130341880343,0.06397060759402377,0.5790281385281385,0.07379017671813827
oasis3_tau180,OASIS3 tau180,OASIS3,180d,tau_binary,tau positivity (derived),severity_only,random_forest_balanced,368,368,45,323,2,cdr_sumboxes_h|faq_total_h,,0.8135042735042735,0.0603324807188609,0.5493332789917229,0.0691362256169281,0.7738995726495725,0.07962045393571619,0.5767965367965369,0.11921125314439883
