cohort_key,cohort_label,cohort,window,endpoint_family,endpoint_label,experiment,model,n_rows,n_subjects,n_pos,n_neg,n_features_used,numeric_features_used,categorical_features_used,roc_auc_mean,roc_auc_std,ap_mean,ap_std,bal_acc_mean,bal_acc_std,f1_mean,f1_std
adni_tau90,ADNI tau90,ADNI,90d,tau_binary,tau positivity,demo_only,logreg_balanced,438,438,78,360,5,age_h|apoe_e4_carrier_h|apoe_e4_count_h|education_years_h,sex_h,0.7429513888888889,0.05185744999128636,0.4115044657494947,0.05460501249625108,0.6740277777777777,0.07111545125644221,0.4246732026143791,0.08108329828145294
adni_tau90,ADNI tau90,ADNI,90d,tau_binary,tau positivity,minus_all_cdr,logreg_balanced,438,438,78,360,6,age_h|apoe_e4_carrier_h|apoe_e4_count_h|education_years_h|faq_total_h,sex_h,0.7576273148148147,0.06665410078011627,0.45814892770980276,0.08993444030920993,0.6879166666666666,0.0803248612406728,0.4386320220850225,0.08820754493129358
adni_tau90,ADNI tau90,ADNI,90d,tau_binary,tau positivity,minus_faq,random_forest_balanced,438,438,78,360,6,age_h|apoe_e4_carrier_h|apoe_e4_count_h|education_years_h|cdr_sumboxes_h,sex_h,0.8509027777777778,0.05602907049761283,0.5475950223056539,0.052492186846441725,0.7797222222222222,0.05973740117184068,0.5859044803317249,0.07332059943646363
adni_tau90,ADNI tau90,ADNI,90d,tau_binary,tau positivity,reference_combined,logreg_balanced,438,438,78,360,7,age_h|apoe_e4_carrier_h|apoe_e4_count_h|education_years_h|cdr_sumboxes_h|faq_total_h,sex_h,0.8512152777777777,0.06280293525201558,0.6004447118495222,0.08503757813499857,0.7948611111111111,0.06699801913415973,0.5900149979219746,0.07740833413867998
adni_tau90,ADNI tau90,ADNI,90d,tau_binary,tau positivity,severity_only,logreg_balanced,438,438,78,360,2,cdr_sumboxes_h|faq_total_h,,0.8378240740740741,0.05427028720904816,0.5312591762188762,0.06982535651963816,0.7579166666666668,0.04654871005094994,0.5522222222222222,0.05964199906446924
